NOMBRE;NOMBRE PIEZA;TIPO PIEZA;REF. PROVEEDOR;REF. FABRICANTE;NOMBRE_01;VALOR_01;NOMBRE_02;VALOR_02;NOMBRE_03;VALOR_03;NOMBRE_04;VALOR_04;NOMBRE_05;VALOR_05;PACK_PRECIO;UNIDADES;COMENTARIOS;PIEZAS;PROVEEDOR;FABRICANTE
NOMBREA;NOMBRE P. A;TIPO A;REF PROV A;REF FAB A;N1;V1;N2;V2;N3;V3;N4;V4;N5;V5;1100;11;COMENTARIOS;110;PROVEEDOR1;FABRICANTE1
NOMBREB;NOMBRE P. B;TIPO B;REF PROV B;REF FAB B;N1;V1;N2;V2;N3;V3;N4;V4;N5;V5;1200;12;COMENTARIOS2;120;PROVEEDOR1;FABRICANTE1
NOMBREC;NOMBRE P. C;TIPO C;REF PROV C;REF FAB C;;;;;;;;;;;1300;13;COMENTARIOS3;130;PROVEEDOR1;FABRICANTE1
NOMBRED;NOMBRE P. D;TIPO D;REF PROV D;REF FAB D;N1;V1;;;;;;;;;1400;14;;140;PROVEEDOR1;FABRICANTE1
NOMBREE;NOMBRE P. E;TIPO E;REF PROV E;REF FAB E;N1;V1;;;;;;;;;1500;15;;150;PROVEEDOR1;FABRICANTE1
NOMBREF;NOMBRE P. F;TIPO F;REF PROV F;REF FAB F;N1;V1;;;;;;;;;1000;25;;111;PROVEEDOR2;FABRICANTE2
