NOMBRE;NOMBRE PIEZA;TIPO PIEZA;REF. PROVEEDOR;REF. FABRICANTE;NOMBRE_01;VALOR_01;NOMBRE_02;VALOR_02;NOMBRE_03;VALOR_03;NOMBRE_04;VALOR_04;NOMBRE_05;VALOR_05;PACK_PRECIO;UNIDADES;COMENTARIOS;PIEZAS;PROVEEDOR;FABRICANTE
NOMBREA;NOMBRE P. A;TIPO A;REF PROV A;REF FAB A;N1;V1;N2;V2;N3;V3;N4;V4;N5;V5;11005;115;COMENTARIOS;1105;PROVEEDOR1;FABRICANTE1
NOMBREB;NOMBRE P. B;TIPO B;REF PROV B;REF FAB B;N1;V1;N2;V2;N3;V3;N4;V4;N5;V5;12005;125;COMENTARIOS2;1205;PROVEEDOR1;FABRICANTE1
NOMBREC;NOMBRE P. C;TIPO C;REF PROV C;REF FAB C;;;;;;;;;;;13005;135;COMENTARIOS3;1305;PROVEEDOR1;FABRICANTE1
NOMBRED;NOMBRE P. D;TIPO D;REF PROV D;REF FAB D;N1;V1;;;;;;;;;14005;145;;1405;PROVEEDOR1;FABRICANTE1
NOMBREE;NOMBRE P. E;TIPO E;REF PROV E;REF FAB E;N1;V1;;;;;;;;;15005;155;;1505;PROVEEDOR1;FABRICANTE1
NOMBREF;NOMBRE P. F;TIPO F;REF PROV F;REF FAB F;N1;V1;;;;;;;;;10005;255;;1115;PROVEEDOR2;FABRICANTE2
NOMBREG;NOMBRE P. G;TIPO G;REF PROV G;REF FAB G;N1;;;;;;N4;;;;50,5;;COMENTARIOS;10;PROVEEDOR3;FABRICANTE1
NOMBREH;NOMBRE P. H;TIPO H;REF PROV H;REF FAB H;;V1;;;;V3;;V4;;;125;1;;20;PROVEEDOR1;FABRICANTE3
NOMBREI;NOMBRE P. I;TIPO I;REF PROV I;REF FAB I;;;N2;;N3;;;;N5;;200,75;2.5;COMENTARIOS;30;PROVEEDOR4;FABRICANTE2
NOMBREJ;NOMBRE P. J;TIPO J;REF PROV J;REF FAB J;;;;V2;;;;;;V5;2000;5,5;;40;PROVEEDOR2;FABRICANTE4
