NOMBRE;NOMBRE PIEZA;TIPO PIEZA;REF. PROVEEDOR;REF. FABRICANTE;NOMBRE_01;VALOR_01;NOMBRE_02;VALOR_02;NOMBRE_03;VALOR_03;NOMBRE_04;VALOR_04;NOMBRE_05;VALOR_05;PACK_PRECIO;UNIDADES PAQ.;COMENTARIOS;PIEZAS;PROVEEDOR;FABRICANTE
NOMBREG;NOMBRE P. G;TIPO G;REF PROV G;REF FAB G;N1;;;;;;N4;;;;100;1;;5;PROVEEDOR5;FABRICANTE1
NOMBREH;NOMBRE P. H;TIPO H;REF PROV H;REF FAB H;;V1;;;;V3;;V4;;;50;1;;20;PROVEEDOR6;FABRICANTE5
NOMBREK;NOMBRE P. K;TIPO K;REF PROV K;REF FAB K;;;N2;;N3;;;;N5;;100;5;;25;PROVEEDOR1;FABRICANTE6
NOMBREL;NOMBRE P. L;TIPO L;REF PROV L;REF FAB L;;;;V2;;;;;;V5;25;5;;50;PROVEEDOR2;FABRICANTE2
